{"cameraMode":{"drawMode":0,"name":"Shaded","section":"Shading Mode"},"sceneLighting":true,"audioPlay":false,"sceneViewState":{"showFog":true,"showMaterialUpdate":false,"showSkybox":true,"showFlares":true,"showImageEffects":true,"showParticleSystems":true,"showVisualEffectGraphs":true,"m_FxEnabled":true},"in2DMode":false,"pivot":{"x":5.217211723327637,"y":0.29457664489746096,"z":2.0022878646850588},"rotation":{"x":0.20666895806789399,"y":-0.7036618590354919,"z":0.22703395783901215,"w":0.6410356760025024},"size":7.084619045257568,"orthographic":false}